{"count":1,"self":110.43582719999999,"total":113.4986206,"children":{"InitializeActuators":{"count":10,"self":0.0019992,"total":0.0019992,"children":null},"InitializeSensors":{"count":10,"self":0.0010065999999999999,"total":0.0010065999999999999,"children":null},"AgentSendState":{"count":5449,"self":2.4329424,"total":2.5759966999999997,"children":{"CollectObservations":{"count":10900,"self":0.023006699999999998,"total":0.023006699999999998,"children":null},"WriteActionMask":{"count":10900,"self":0.015002199999999999,"total":0.015002199999999999,"children":null},"RequestDecision":{"count":10900,"self":0.0410209,"total":0.1050453,"children":{"RayPerceptionSensor.Perceive":{"count":10900,"self":0.0640244,"total":0.0640244,"children":null}}}}},"DecideAction":{"count":5449,"self":0.11097019999999999,"total":0.11097019999999999,"children":null},"AgentAct":{"count":5449,"self":0.367898,"total":0.367898,"children":null},"RayPerceptionSensor.Perceive":{"count":207,"self":0.0020020999999999997,"total":0.0020020999999999997,"children":null}},"gauges":{"3Floor_Lv4.CumulativeReward":{"count":207,"max":0.537392437,"min":-3.26294661,"runningAverage":-0.6319854,"value":-0.6969771,"weightedAverage":-0.6210381}},"metadata":{"timer_format_version":"0.1.0","start_time_seconds":"1636468632","unity_version":"2020.3.6f1","command_line_arguments":"C:\\Program Files\\Unity\\Hub\\Editor\\2020.3.6f1\\Editor\\Unity.exe -projectpath C:\/Users\/yuta04\/ML-Agents\/EL_3Floor -useHub -hubIPC -cloudEnvironment production -hubSessionId 02b8e6e0-413f-11ec-825f-512bc5e10cd4 -accessToken PuMlvLzRX2kyGMlMJWJIPvd5MHVZy6HsMgqjyjVwBK800ef","communication_protocol_version":"1.5.0","com.unity.ml-agents_version":"2.0.0-exp.1","scene_name":"3Floor_Lv4_2","end_time_seconds":"1636468746"}}