{"count":1,"self":497.009664,"total":528.2824458,"children":{"InitializeActuators":{"count":10,"self":0.0020009,"total":0.0020009,"children":null},"InitializeSensors":{"count":10,"self":0.0039930999999999994,"total":0.0039930999999999994,"children":null},"AgentSendState":{"count":26166,"self":12.467298399999999,"total":12.868616399999999,"children":{"CollectObservations":{"count":52340,"self":0.1673005,"total":0.1673005,"children":null},"WriteActionMask":{"count":52340,"self":0.0725981,"total":0.0725981,"children":null},"RequestDecision":{"count":52340,"self":0.16141919999999998,"total":0.16141919999999998,"children":null}}},"DecideAction":{"count":26166,"self":14.929839999999999,"total":15.469993299999999,"children":{"RayPerceptionSensor.Perceive":{"count":52340,"self":0.5401535,"total":0.5401535,"children":null}}},"AgentAct":{"count":26166,"self":2.9230639999999997,"total":2.9230641,"children":null}},"gauges":{"3Floor_Lv1_3.CumulativeReward":{"count":154,"max":3.80913877,"min":-2.799517,"runningAverage":0.871646762,"value":-0.6235248,"weightedAverage":0.584370852}},"metadata":{"timer_format_version":"0.1.0","start_time_seconds":"1624718573","unity_version":"2020.3.6f1","command_line_arguments":"C:\\Program Files\\Unity\\Hub\\Editor\\2020.3.6f1\\Editor\\Unity.exe -projectpath C:\/Users\/yuta04\/ML-Agents\/EL_3Floor -useHub -hubIPC -cloudEnvironment production -hubSessionId 0aa397f0-d660-11eb-8324-ed9ebcbd58a3 -accessToken wZrnPWNm1dnzkEms6hCsC0rORLsRg9aiBRmZgP5xDeA00ef","communication_protocol_version":"1.5.0","com.unity.ml-agents_version":"2.0.0-exp.1","scene_name":"3Floor_Lv1_3","end_time_seconds":"1624719101"}}