{"count":1,"self":125.84998399999999,"total":137.0822304,"children":{"InitializeActuators":{"count":1,"self":0.0050002,"total":0.0050002,"children":null},"InitializeSensors":{"count":1,"self":0.0083445999999999989,"total":0.0083445999999999989,"children":null},"AgentSendState":{"count":6426,"self":1.0729027,"total":1.1488139,"children":{"CollectObservations":{"count":1286,"self":0.0207427,"total":0.0207427,"children":null},"WriteActionMask":{"count":1286,"self":0.0070079999999999995,"total":0.0070079999999999995,"children":null},"RequestDecision":{"count":1286,"self":0.048160499999999995,"total":0.048160499999999995,"children":null}}},"DecideAction":{"count":6426,"self":9.658092,"total":9.6951627,"children":{"RayPerceptionSensor.Perceive":{"count":1286,"self":0.0370707,"total":0.0370707,"children":null}}},"AgentAct":{"count":6426,"self":0.36893339999999997,"total":0.36893339999999997,"children":null}},"gauges":{"3Floor_Lv4.CumulativeReward":{"count":15,"max":1.37812686,"min":-0.7161765,"runningAverage":0.396717548,"value":1.3658036,"weightedAverage":0.4837263}},"metadata":{"timer_format_version":"0.1.0","start_time_seconds":"1638514125","unity_version":"2020.3.6f1","command_line_arguments":"C:\\Program Files\\Unity\\Hub\\Editor\\2020.3.6f1\\Editor\\Unity.exe -projectpath C:\/Users\/yuta04\/ML-Agents\/EL_3Floor -useHub -hubIPC -cloudEnvironment production -hubSessionId 88f5d4d0-5403-11ec-9271-5f7e2f595054 -accessToken w7x8b6CbXmgzCoaWblhqWqrbkWWX8HEddz1Y-Czgl8c00ef","communication_protocol_version":"1.5.0","com.unity.ml-agents_version":"2.0.0-exp.1","scene_name":"3Floor_Lv4_result","end_time_seconds":"1638514261"}}