{
    "name": "root",
    "gauges": {
        "3Floor_Lv4_2.Policy.Entropy.mean": {
            "value": 0.9363882541656494,
            "min": 0.8318644165992737,
            "max": 1.3121991157531738,
            "count": 423
        },
        "3Floor_Lv4_2.Policy.Entropy.sum": {
            "value": 9607.34375,
            "min": 7434.60986328125,
            "max": 13206.974609375,
            "count": 423
        },
        "3Floor_Lv4_2.Environment.EpisodeLength.mean": {
            "value": 163.56060606060606,
            "min": 137.56944444444446,
            "max": 243.2972972972973,
            "count": 423
        },
        "3Floor_Lv4_2.Environment.EpisodeLength.sum": {
            "value": 10795.0,
            "min": 7603.0,
            "max": 11608.0,
            "count": 423
        },
        "3Floor_Lv4_2.Step.mean": {
            "value": 14229998.0,
            "min": 10009993.0,
            "max": 14229998.0,
            "count": 423
        },
        "3Floor_Lv4_2.Step.sum": {
            "value": 14229998.0,
            "min": 10009993.0,
            "max": 14229998.0,
            "count": 423
        },
        "3Floor_Lv4_2.Policy.ExtrinsicValueEstimate.mean": {
            "value": 0.04658643901348114,
            "min": -0.07822317630052567,
            "max": 0.08665052056312561,
            "count": 423
        },
        "3Floor_Lv4_2.Policy.ExtrinsicValueEstimate.sum": {
            "value": 8.711664199829102,
            "min": -14.080171585083008,
            "max": 15.809529304504395,
            "count": 423
        },
        "3Floor_Lv4_2.Policy.CuriosityValueEstimate.mean": {
            "value": 0.34275394678115845,
            "min": 0.19549660384655,
            "max": 1.8908706903457642,
            "count": 423
        },
        "3Floor_Lv4_2.Policy.CuriosityValueEstimate.sum": {
            "value": 64.09498596191406,
            "min": 35.189388275146484,
            "max": 340.3567199707031,
            "count": 423
        },
        "3Floor_Lv4_2.Environment.CumulativeReward.mean": {
            "value": 0.4287039064220153,
            "min": -0.23128470129988812,
            "max": 0.8726677545687047,
            "count": 423
        },
        "3Floor_Lv4_2.Environment.CumulativeReward.sum": {
            "value": 27.437050011008978,
            "min": -13.136753417551517,
            "max": 47.83430187776685,
            "count": 423
        },
        "3Floor_Lv4_2.Policy.ExtrinsicReward.mean": {
            "value": 0.4287039064220153,
            "min": -0.23128470129988812,
            "max": 0.8726677545687047,
            "count": 423
        },
        "3Floor_Lv4_2.Policy.ExtrinsicReward.sum": {
            "value": 27.437050011008978,
            "min": -13.136753417551517,
            "max": 47.83430187776685,
            "count": 423
        },
        "3Floor_Lv4_2.Policy.CuriosityReward.mean": {
            "value": 0.5913494810811244,
            "min": 0.44834004996307925,
            "max": 0.8578857597781391,
            "count": 423
        },
        "3Floor_Lv4_2.Policy.CuriosityReward.sum": {
            "value": 37.84636678919196,
            "min": 22.86534254811704,
            "max": 43.85803321143612,
            "count": 423
        },
        "3Floor_Lv4_2.Losses.PolicyLoss.mean": {
            "value": 0.07800284387388576,
            "min": 0.05770538290574526,
            "max": 0.07800284387388576,
            "count": 423
        },
        "3Floor_Lv4_2.Losses.PolicyLoss.sum": {
            "value": 0.3900142193694288,
            "min": 0.23458171127519262,
            "max": 0.3900142193694288,
            "count": 423
        },
        "3Floor_Lv4_2.Losses.ValueLoss.mean": {
            "value": 0.005078014899481786,
            "min": 0.0034195053187431766,
            "max": 0.23761938143579756,
            "count": 423
        },
        "3Floor_Lv4_2.Losses.ValueLoss.sum": {
            "value": 0.025390074497408932,
            "min": 0.014651491669664053,
            "max": 1.1880969071789877,
            "count": 423
        },
        "3Floor_Lv4_2.Policy.LearningRate.mean": {
            "value": 8.662832012391701e-05,
            "min": 8.662832012391701e-05,
            "max": 0.000149920715026445,
            "count": 423
        },
        "3Floor_Lv4_2.Policy.LearningRate.sum": {
            "value": 0.00043314160061958505,
            "min": 0.00034770538409829995,
            "max": 0.0007489013803662901,
            "count": 423
        },
        "3Floor_Lv4_2.Policy.Epsilon.mean": {
            "value": 0.12887608300000003,
            "min": 0.12887608300000003,
            "max": 0.149973555,
            "count": 423
        },
        "3Floor_Lv4_2.Policy.Epsilon.sum": {
            "value": 0.6443804150000001,
            "min": 0.5159017,
            "max": 0.74963371,
            "count": 423
        },
        "3Floor_Lv4_2.Policy.Beta.mean": {
            "value": 0.0028947206917,
            "min": 0.0028947206917,
            "max": 0.0050023581445,
            "count": 423
        },
        "3Floor_Lv4_2.Policy.Beta.sum": {
            "value": 0.014473603458500002,
            "min": 0.011618579830000001,
            "max": 0.024988407629,
            "count": 423
        },
        "3Floor_Lv4_2.Losses.CuriosityForwardLoss.mean": {
            "value": 0.06737124589271844,
            "min": 0.05604035552823916,
            "max": 0.0790542167184564,
            "count": 423
        },
        "3Floor_Lv4_2.Losses.CuriosityForwardLoss.sum": {
            "value": 0.33685622946359217,
            "min": 0.22416142211295664,
            "max": 0.38669731964667636,
            "count": 423
        },
        "3Floor_Lv4_2.Losses.CuriosityInverseLoss.mean": {
            "value": 0.6372273176908493,
            "min": 0.5005635654864212,
            "max": 0.8256312853967149,
            "count": 423
        },
        "3Floor_Lv4_2.Losses.CuriosityInverseLoss.sum": {
            "value": 3.1861365884542465,
            "min": 2.002254261945685,
            "max": 4.049771195898453,
            "count": 423
        },
        "3Floor_Lv4_2.IsTraining.mean": {
            "value": 1.0,
            "min": 1.0,
            "max": 1.0,
            "count": 423
        },
        "3Floor_Lv4_2.IsTraining.sum": {
            "value": 1.0,
            "min": 1.0,
            "max": 1.0,
            "count": 423
        }
    },
    "metadata": {
        "timer_format_version": "0.1.0",
        "start_time_seconds": "1637227346",
        "python_version": "3.7.9 (default, Aug 31 2020, 17:10:11) [MSC v.1916 64 bit (AMD64)]",
        "command_line_arguments": "C:\\Users\\yuta04\\anaconda3\\envs\\ML-Agents2\\Scripts\\mlagents-learn .\\config\\EL_3Floor_Lv4_2.yaml --run-id=9th_3Floor_Lv4_2 --env=C:\\Users\\yuta04\\ML-Agents\\EL_3Floor\\App\\3Floor_Lv4_2 --width=480 --height=360 --resume",
        "mlagents_version": "0.26.0",
        "mlagents_envs_version": "0.26.0",
        "communication_protocol_version": "1.5.0",
        "pytorch_version": "1.7.1+cu110",
        "numpy_version": "1.21.2",
        "end_time_seconds": "1637249033"
    },
    "total": 21686.679225,
    "count": 1,
    "self": 0.7036665000014182,
    "children": {
        "run_training.setup": {
            "total": 0.13187019999999983,
            "count": 1,
            "self": 0.13187019999999983
        },
        "TrainerController.start_learning": {
            "total": 21685.8436883,
            "count": 1,
            "self": 34.00895199945444,
            "children": {
                "TrainerController._reset_env": {
                    "total": 8.0642872,
                    "count": 1,
                    "self": 8.0642872
                },
                "TrainerController.advance": {
                    "total": 21643.343732600544,
                    "count": 442387,
                    "self": 17.656136500048888,